{
  "sites": [
    {
      "key": "腾讯视频",
      "name": "腾讯｜4K",
      "type": 3,
      "api": "./lib/drpy2.min.js",
      "ext": "./lib/txsp.js"
    },
    {
      "key": "芒果视频",
      "name": "芒果｜4K",
      "type": 3,
      "api": "./lib/drpy2.min.js",
      "ext": "./lib/mgsp.js"
    },
    {
      "key": "奇艺视频",
      "name": "奇艺｜2K",
      "type": 3,
      "api": "./lib/drpy2.min.js",
      "ext": "./lib/aqysp.js"
    },
    {
      "key": "优酷视频",
      "name": "优酷｜2K",
      "type": 3,
      "api": "./lib/drpy2.min.js",
      "ext": "./lib/yksp.js"
    },
    {
      "key": "labi",
      "name": "蜡笔｜4K",
      "type": 4,
      "api": "http://8088880.xyz:8080/video/labi?token=698d04ebe00a6369",
      "searchable": 1,
      "quickSearch": 1,
      "filterable": 1,
      "changeable": 1
    },
    {
      "key": "木偶",
      "name": "木偶｜4K",
      "type": 4,
      "api": "http://8088880.xyz:8080/video/muou?token=698d04ebe00a6369",
      "searchable": 1,
      "quickSearch": 1,
      "filterable": 1,
      "changeable": 1,
      "categories": [
        "电影",
        "剧集",
        "动漫",
        "短剧",
        "纪录片"
      ]
    },
    {
      "key": "ouge",
      "name": "讴歌｜4K",
      "type": 4,
      "api": "http://8088880.xyz:8080/video/ouge?token=698d04ebe00a6369",
      "searchable": 1,
      "quickSearch": 1,
      "filterable": 1,
      "changeable": 1
    },
    {
      "key": "libo",
      "name": "立播｜4K",
      "type": 4,
      "api": "http://8088880.xyz:8080/video/libo?token=698d04ebe00a6369",
      "searchable": 1,
      "quickSearch": 1,
      "filterable": 1,
      "changeable": 1
    },
    {
      "key": "xbky",
      "name": "快映｜4K",
      "type": 4,
      "api": "http://8088880.xyz:8080/video/xbky?token=698d04ebe00a6369",
      "searchable": 1,
      "quickSearch": 1,
      "filterable": 1,
      "changeable": 1
    },
    {
      "key": "huban",
      "name": "虎斑｜4K",
      "type": 4,
      "api": "http://8088880.xyz:8080/video/hb?token=698d04ebe00a6369",
      "searchable": 1,
      "quickSearch": 1,
      "filterable": 1,
      "changeable": 1
    },
    {
      "key": "baipiaoya",
      "name": "本接口由白嫖佬提供",
      "type": 3,
      "api": "csp_Push"
    }
  ],
  "spider": "https://gitee.com/xuyicheng11/wanglin/raw/master/baipiaoya.jar",
  "parses": [
    {
      "name": "白嫖鸭",
      "type": "1",
      "url": "https://coffee.1ljx.com:32000/api/?key=36d3e7f8-f971-44a7-9063-5db4f218491d&url=",
      "ext": {
        "header": {
          "User-Agent": "okhttp/4.9.1"
        }
      }
    }
  ],
  "notice": "欢迎使用,聚合影视",
  "logo": "https://asave.rutno.com/fileview?id=J3E11BzM9b21"
}