{
  "lives": [
    {
      "name": "live",
      "type": 0,
      "url": "https://125.208.22.159:8889/down/47dlyghbNXgh",
      "playerType": 1,
      "ua": "okhttp/4.18",
      "epg": "http://epg.51zmt.top:8000/api/diyp/?ch={name}&date={date}",
      "logo": "https://epg.112114.xyz/logo/{name}.png"
    }
  ],
  "sites": [
    {
      "key": "tx",
      "name": "🌸藤一丨4K🌸",
      "type": 3,
      "searchable": 1,
      "quickSearch": 1,
      "order_num": 1,
      "changeable": 1,
      "api": "http://yp2.mftv.top/drpy_libs/drpy2.min.js",
      "ext": "http://yp2.mftv.top/js/tx.js"
    },
    {
      "key": "腾讯",
      "name": "🌸藤二丨4K🌸",
      "type": 3,
      "api": "https://gitee.com/wmmoliill/asfvsaFvsaFvs/raw/master/lib/drpy2.min.js",
      "ext": "https://gitee.com/wmmoliill/asfvsaFvsaFvs/raw/master/lib/js/gtx.js"
    },
    {
      "key": "芒果",
      "name": "🌸芒一丨4K🌸",
      "type": 3,
      "api": "https://gitee.com/wmmoliill/asfvsaFvsaFvs/raw/master/lib/drpy2.min.js",
      "ext": "https://gitee.com/wmmoliill/asfvsaFvsaFvs/raw/master/lib/js/gmg.js"
    },
    {
      "key": "AppQi1",
      "name": "🌸窝草┃4K🌸",
      "type": 3,
      "api": "csp_AppQi",
      "changeable": "1",
      "quickSearch": 0,
      "filterable": 1,
      "ext": "https://aysappto.oss-cn-chengdu.aliyuncs.com/qj3.txt|sda1231sasddad21|okhttp/3.10.0",
      "jar": "https://img2.gelonghui.com/library/13bd3-7518cfc8-98dd-4e8f-afc1-5f697fbf01fb.png;md5;13bd3e6c4c887d3f139a347625a08bee"
    },
    {
      "key": "芒果",
      "name": "🌸芒二丨4K🌸",
      "type": 3,
      "searchable": 1,
      "quickSearch": 1,
      "order_num": 1,
      "changeable": 1,
      "api": "http://yp2.mftv.top/drpy_libs/drpy2.min.js",
      "ext": "http://js.mftv.top/js/yxhc.js"
    },
    {
      "key": "hipy_js_百忙无果[官]",
      "name": "🌸芒三丨4K🌸",
      "type": 3,
      "api": "http://125.208.22.184:6698/uploads/tvbox/jsguan/drpy_dzlive/drpy_libs/drpy2.min.js",
      "playerType": 3,
      "searchable": 1,
      "quickSearch": 1,
      "filterable": 1,
      "order_num": 0,
      "ext": "http://125.208.22.184:6698/uploads/tvbox/js/百忙无果[官].js"
    },
    {
      "key": "星耀4k",
      "name": "🌸高码4K🌸",
      "type": 3,
      "api": "csp_XY4K",
      "jar": "http://125.208.22.184:6698/uploads/tvbox/jar/XY4K.jar;md5;5daa66aa23e1721ae0f955bbe9faff59",
      "ext": "YUhSMGNEb3ZMekV4TVM0eE56QXVNVFV4TGpFeU1Ub3lNekl6TDJGd2FTNXdhSEEvYzJsMFpUMWxjbmhwWVc4akl5TmxjbmhwWVc4PQ=="
    },
    {
      "key": "星耀4kbdl",
      "name": "🌸至臻4K🌸",
      "type": 3,
      "api": "csp_XY4K",
      "jar": "http://125.208.22.184:6698/uploads/tvbox/jar/XY4K.jar;md5;5daa66aa23e1721ae0f955bbe9faff59",
      "ext": "YUhSMGNEb3ZMekV4TVM0eE56QXVNVFV4TGpFeU1Ub3lNekl6TDJGd2FTNXdhSEEvYzJsMFpUMTNiMmRuSXlNamQyOW5adz09"
    },
    {
      "key": "xingyao",
      "name": "🌸蜡笔4K🌸",
      "type": 3,
      "api": "csp_XY4K",
      "jar": "http://125.208.22.184:6698/uploads/tvbox/jar/XY4K.jar",
      "ext": "YUhSMGNEb3ZMekV4TVM0eE56QXVNVFV4TGpFeU1Ub3lNekl6TDJGd2FTNXdhSEEvYzJsMFpUMTNZVzVuY0dGdUl5TWpkMkZ1WjNCaGJnPT0="
    },
    {
      "key": "csp_Gz360",
      "name": "🌸闲时丨瓜子4K",
      "type": 3,
      "api": "csp_Gz360",
      "searchable": 1,
      "changeable": 1,
      "jar": "https://tv.菜妮丝.top/jar/feimao0731.jar;md5;4bb05945b726cf06209fb3b562f6aa83"
    },
    {
      "key": "荐片",
      "name": "🌸闲时丨荐片2K",
      "api": "csp_Jianpian",
      "jar": "https://ncstatic-file.clewm.net/rsrc/2025/0920/22/6d2a7e3af5e28a49a4b9ba9f2ce74ed0.jpg",
      "type": 3,
      "ext": "https://api.ztcgi.com"
    },
    {
      "key": "csp_Xlys",
      "name": "🌸闲时丨修罗2K",
      "type": 3,
      "api": "csp_Xlys",
      "searchable": 1,
      "changeable": 1,
      "ext": "https://xl01.com.de",
      "jar": "https://tv.菜妮丝.top/jar/feimao0731.jar;md5;4bb05945b726cf06209fb3b562f6aa83"
    },
    {
      "key": "肥猫",
      "name": "🌸闲时丨肥猫2K",
      "type": 3,
      "api": "csp_AppGet",
      "searchable": 1,
      "changeable": 1,
      "ext": {
        "url": "https://mac.555618.xyz",
        "dataKey": "#getapp@TMD@2025",
        "siteApi": "get",
        "version": "201"
      },
      "jar": "https://tv.菜妮丝.top/jar/feimao0731.jar;md5;4bb05945b726cf06209fb3b562f6aa83"
    },
    {
      "key": "蔬菜",
      "name": "🌸闲时丨蔬菜2K",
      "type": 3,
      "api": "csp_AppGet",
      "searchable": 1,
      "changeable": 1,
      "ext": {
        "url": "http://huohu.yihn.cc",
        "dataKey": "huohushipingetap",
        "siteApi": "get",
        "version": "140"
      },
      "jar": "https://tv.菜妮丝.top/jar/feimao0731.jar;md5;4bb05945b726cf06209fb3b562f6aa83"
    },
    {
      "key": "cc",
      "name": "请勿相信视频中任何广告！资源来源于网络整和，如有侵权联系删除",
      "type": 3,
      "api": "csp_XPath",
      "searchable": 0,
      "quickSearch": 0
    }
  ],
  "rules": [
    {
      "name": "量子广告",
      "hosts": [
        "vip.lz",
        "hd.lz",
        ".cdnlz"
      ],
      "regex": [
        "#EXT-X-DISCONTINUITY\r*\n*#EXTINF:6\\.666667,[\\s\\S]*?#EXT-X-DISCONTINUITY",
        "#EXTINF.*?\\s+.*?1o.*?\\.ts\\s+"
      ]
    },
    {
      "name": "proxy",
      "hosts": [
        "raw.githubusercontent.com",
        "googlevideo.com",
        "cdn.v82u1l.com",
        "cdn.iz8qkg.com",
        "cdn.kin6c1.com",
        "c.biggggg.com",
        "c.olddddd.com",
        "haiwaikan.com",
        "www.histar.tv",
        "access.mypikpak.com",
        "api-drive.mypikpak.com",
        "user.mypikpak.com",
        "youtube.com",
        "uhibo.com",
        "thze.cc",
        ".*boku.*",
        ".*nivod.*",
        "*.t4tv.hz.cz",
        ".*ulivetv.*"
      ]
    },
    {
      "name": "非凡广告",
      "hosts": [
        "vip.ffzy",
        "hd.ffzy"
      ],
      "regex": [
        "20.52",
        "#EXT-X-DISCONTINUITY\r*\n*#EXTINF:7\\.400000,[\\s\\S]*?#EXT-X-DISCONTINUITY",
        "#EXTINF.*?\\s+.*?1170(20|32).*?\\.ts\\s+",
        "#EXTINF.*?\\s+.*?116977.*?\\.ts\\s+"
      ]
    },
    {
      "name": "索尼广告",
      "hosts": [
        "suonizy"
      ],
      "regex": [
        "#EXT-X-DISCONTINUITY\r*\n*#EXTINF:1\\.000000,[\\s\\S]*?#EXT-X-DISCONTINUITY",
        "#EXTINF.*?\\s+.*?p1ayer.*?\\.ts\\s+",
        "#EXTINF.*?\\s+.*?\\/video\\/original.*?\\.ts\\s+"
      ]
    },
    {
      "name": "暴风广告",
      "hosts": [
        "bfzy",
        "bfbfvip"
      ],
      "regex": [
        "#EXTINF.*?\\s+.*?adjump.*?\\.ts\\s+"
      ]
    },
    {
      "name": "星星广告",
      "hosts": [
        "aws.ulivetv.net"
      ],
      "regex": [
        "#EXT-X-DISCONTINUITY\r*\n*#EXTINF:8,[\\s\\S]*?#EXT-X-DISCONTINUITY"
      ]
    },
    {
      "name": "快看广告",
      "hosts": [
        "kuaikan"
      ],
      "regex": [
        "#EXT-X-KEY:METHOD=NONE\r*\n*#EXTINF:5,[\\s\\S]*?#EXT-X-DISCONTINUITY",
        "#EXT-X-KEY:METHOD=NONE\r*\n*#EXTINF:2\\.4,[\\s\\S]*?#EXT-X-DISCONTINUITY"
      ]
    },
    {
      "name": "磁力广告",
      "hosts": [
        "magnet"
      ],
      "regex": [
        "更多",
        "请访问",
        "example",
        "社 區",
        "x u u",
        "直 播",
        "更 新",
        "社 区",
        "有趣",
        "有 趣",
        "英皇体育",
        "全中文AV在线",
        "澳门皇冠赌场",
        "哥哥快来",
        "美女荷官",
        "裸聊",
        "新片首发",
        "UUE29"
      ]
    },
    {
      "name": "一起看广告",
      "hosts": [
        "yqk88"
      ],
      "regex": [
        "18.4",
        "15.1666",
        "16.5333",
        "#EXT-X-DISCONTINUITY\r*\n*[\\s\\S]*?#EXT-X-CUE-IN"
      ]
    },
    {
      "name": "火山嗅探",
      "hosts": [
        "huoshan.com"
      ],
      "regex": [
        "item_id="
      ]
    },
    {
      "name": "抖音嗅探",
      "hosts": [
        "douyin.com"
      ],
      "regex": [
        "is_play_url="
      ]
    },
    {
      "name": "proxy",
      "hosts": [
        "raw.githubusercontent.com",
        "googlevideo.com",
        "cdn.v82u1l.com",
        "cdn.iz8qkg.com",
        "cdn.kin6c1.com",
        "c.biggggg.com",
        "c.olddddd.com",
        "haiwaikan.com",
        "www.histar.tv",
        "youtube.com",
        "uhibo.com",
        ".*boku.*",
        ".*nivod.*",
        "*.t4tv.hz.cz",
        ".*ulivetv.*"
      ]
    },
    {
      "name": "NO",
      "hosts": [
        "m3u.nikanba.live"
      ],
      "regex": [
        "#EXT-X-DISCONTINUITY\r*\n*#EXTINF:10.100000,[\\s\\S]*?#EXT-X-DISCONTINUITY"
      ]
    },
    {
      "name": "智能AI已过滤广告🥨欢迎继续收看节目",
      "hosts": [
        "http"
      ],
      "disable": [
        "aliyuncs.com",
        "olemovienews.com",
        "ninjia.online",
        "vdtuzv.com",
        "json.icu",
        "/asp/hls/",
        "huya.com",
        "zsyzcy.cn",
        "/nby/",
        "yjys.me",
        "122.228.8.29:4433/Cache",
        "huohua",
        "cdn.json.icu"
      ],
      "rules": [
        {
          "regexp": "AI"
        }
      ],
      "toLog": 0
    },
    {
      "name": "智能去AI",
      "hosts": [
        "http"
      ],
      "disable": [
        "aliyuncs.com",
        "TVOD"
      ],
      "rules": [
        {
          "regexp": "AI2"
        }
      ],
      "toLog": 0
    },
    {
      "name": "农民嗅探",
      "hosts": [
        "toutiaovod.com"
      ],
      "regex": [
        "video/tos/cn"
      ]
    }
  ],
  "parses": [
    {
      "name": "畅享4K",
      "type": 1,
      "url": "http://125.208.23.251:1314/lunxun/?url="
    },
    {
      "name": "臻享4K",
      "type": 1,
      "url": "http://125.208.23.251:1314/lunxun/?url="
    }
  ],
  "ijk": [
    {
      "group": "软解码",
      "options": [
        {
          "category": 4,
          "name": "opensles",
          "value": "0"
        },
        {
          "category": 4,
          "name": "overlay-format",
          "value": "842225234"
        },
        {
          "category": 4,
          "name": "framedrop",
          "value": "1"
        },
        {
          "category": 4,
          "name": "soundtouch",
          "value": "1"
        },
        {
          "category": 4,
          "name": "start-on-prepared",
          "value": "1"
        },
        {
          "category": 1,
          "name": "http-detect-range-support",
          "value": "0"
        },
        {
          "category": 1,
          "name": "fflags",
          "value": "fastseek"
        },
        {
          "category": 2,
          "name": "skip_loop_filter",
          "value": "48"
        },
        {
          "category": 4,
          "name": "reconnect",
          "value": "1"
        },
        {
          "category": 4,
          "name": "enable-accurate-seek",
          "value": "0"
        },
        {
          "category": 4,
          "name": "mediacodec",
          "value": "0"
        },
        {
          "category": 4,
          "name": "mediacodec-auto-rotate",
          "value": "0"
        },
        {
          "category": 4,
          "name": "mediacodec-handle-resolution-change",
          "value": "0"
        },
        {
          "category": 4,
          "name": "mediacodec-hevc",
          "value": "0"
        },
        {
          "category": 1,
          "name": "dns_cache_timeout",
          "value": "600000000"
        }
      ]
    },
    {
      "group": "硬解码",
      "options": [
        {
          "category": 4,
          "name": "opensles",
          "value": "0"
        },
        {
          "category": 4,
          "name": "overlay-format",
          "value": "842225234"
        },
        {
          "category": 4,
          "name": "framedrop",
          "value": "1"
        },
        {
          "category": 4,
          "name": "soundtouch",
          "value": "1"
        },
        {
          "category": 4,
          "name": "start-on-prepared",
          "value": "1"
        },
        {
          "category": 1,
          "name": "http-detect-range-support",
          "value": "0"
        },
        {
          "category": 1,
          "name": "fflags",
          "value": "fastseek"
        },
        {
          "category": 2,
          "name": "skip_loop_filter",
          "value": "48"
        },
        {
          "category": 4,
          "name": "reconnect",
          "value": "1"
        },
        {
          "category": 4,
          "name": "enable-accurate-seek",
          "value": "0"
        },
        {
          "category": 4,
          "name": "mediacodec",
          "value": "1"
        },
        {
          "category": 4,
          "name": "mediacodec-auto-rotate",
          "value": "1"
        },
        {
          "category": 4,
          "name": "mediacodec-handle-resolution-change",
          "value": "1"
        },
        {
          "category": 4,
          "name": "mediacodec-hevc",
          "value": "1"
        },
        {
          "category": 1,
          "name": "dns_cache_timeout",
          "value": "600000000"
        }
      ]
    }
  ],
  "ads": [
    "wan.51img1.com",
    "iqiyi.hbuioo.com",
    "vip.ffzyad.com",
    "https://lf1-cdn-tos.bytegoofy.com/obj/tos-cn-i-dy/455ccf9e8ae744378118e4bd289288dd"
  ]
}