        {
            "sites": [
        {
            "key": "腾讯视频",
            "name": "白嫖｜腾讯｜4K",
            "type": 3,
            "api": "https://gitee.com/xuyicheng11/wanglin/raw/master/drpy2.min.js",
            "ext": "https://gitee.com/xuyicheng11/wanglin/raw/master/腾讯视频.js"
        },
        {
            "key": "芒果视频",
            "name": "白嫖｜芒果｜4K",
            "type": 3,
            "api": "https://gitee.com/xuyicheng11/wanglin/raw/master/drpy2.min.js",
            "ext": "https://gitee.com/xuyicheng11/wanglin/raw/master/芒果视频.js"
        },
        {
            "key": "玩偶网盘",
            "name": "白嫖｜玩偶｜4K",
            "type": 3,
            "api": "csp_Wogg",
            "searchable": 1,
            "filterable": 1,
            "changeable": 1,
            "ext": {
                "token": "http://127.0.0.1:9978/file/tvbox/tok.txt",
                "cookie": "https://gitee.com/xuyicheng11/wanglin/raw/master/Quick.txt",
                "uc_cookie": "https://gitee.com/xuyicheng11/wanglin/raw/master/Uc.txt",
                "wogg": true,
                "danmu": true
            },
            "timeout": 30
        },
        {
            "key": "讴歌网盘",
            "name": "白嫖｜讴歌｜4K",
            "type": 3,
            "api": "csp_Wobg",
            "searchable": 1,
            "filterable": 1,
            "changeable": 1,
            "ext": {
                "token": "http://127.0.0.1:9978/file/tvbox/tok.txt",
                "cookie": "https://gitee.com/xuyicheng11/wanglin/raw/master/Quick.txt",
                "uc_cookie": "https://gitee.com/xuyicheng11/wanglin/raw/master/Uc.txt",
                "site": "https://woog.nxog.eu.org/",
                "danmu": true
            },
            "timeout": 30
        },
        {
            "key": "多多网盘",
            "name": "白嫖｜多多｜4K",
            "type": 3,
            "api": "csp_Wobg",
            "quickSearch": 1,
            "changeable": 1,
            "filterable": 1,
            "ext": {
                "token": "http://127.0.0.1:9978/file/tvbox/tok.txt",
                "cookie": "https://gitee.com/xuyicheng11/wanglin/raw/master/Quick.txt",
                "uc_cookie": "https://gitee.com/xuyicheng11/wanglin/raw/master/Uc.txt",
                "site": "https://tv.yydsys.top/",
                "danmu": true
            },
            "timeout": 25
        },
        {
            "key": "至臻网盘",
            "name": "白嫖｜至臻｜4K",
            "type": 3,
            "api": "csp_Wobg",
            "searchable": 1,
            "filterable": 1,
            "changeable": 1,
            "ext": {
                "token": "http://127.0.0.1:9978/file/tvbox/tok.txt",
                "cookie": "https://gitee.com/xuyicheng11/wanglin/raw/master/Quick.txt",
                "uc_cookie": "https://gitee.com/xuyicheng11/wanglin/raw/master/Uc.txt",
                "site": "http://xiaomi666.fun",
                "danmu": true
            },
            "timeout": 25
        },
        {
            "key": "baipiaoya",
            "name": "欢迎使用",
            "type": 3,
            "api": "csp_Push"
        }
    ],
    "spider": "https://gitee.com/xuyicheng11/wanglin/raw/master/baipiaoya.jar",
    "notice": "欢迎使用聚合影视",
    "logo": "https://asave.rutno.com/fileview?id=J3E11BzM9b21"
}